nom,prenom,date,poste
connord,john,1992-01-11,stagiaire ia
roberts,julia,10-10-2022,patronne
doe,john,11-10-2022,ingÃ©nieur
depp,johnny,11-10-2022,concierge
parker,peter,01-10-2022,stagiaire
sylvester,stallone,15-10-2022,manager
l'ourson,winnie,22-10-2022,cuisinier
potter,harry,25-10-2022,ingÃ©nieur R&D
test,test,1111-01-01,test
ahmet,kewser,2022-09-26,stagiaire
rosa,joao,0111-01-01,stagiaire
yes,no,1456-01-01,Directeur général
kennedy,john,1962-01-02,Directeur général
dupont,jean,2022-02-12,Secrétaire général
test,test,1365-01-11,Responsable marketing
,chu,1995-06-06,stagiaire
pika,chu,1995-11-11,stagiaire
john,connord,2120-11-23,Responsable marketing
lo,yo,1456-12-01,stagiaire
te,te,1454-11-21,Responsable communication
yo,lo,1234-11-01,Directeur de site industriel
gt,gtt,1234-01-01,directeur du système d’information
yo,lo,1456-01-01,Directeur des opérations
fl,em,1478-01-01,Digital Brand Manager
rasl,bol,2021-10-19,stagiaire
sdffs,sdfsfd,1563-01-01,stagiaire
gsfdgsdf,dgfvsdg,1234-11-01,Responsable communication
barry,brice,2022-09-26,stagiaire
mios,dias,2022-10-19,Directeur général
dias,mios,2022-10-19,Directeur de site industriel
mari,me,2022-11-01,Responsable marketing
lo,li,1234-11-01,Responsable communication
leroi,michou,1245-11-01,Digital Brand Manager
pleaaaaaase,work,2022-11-01,stagiaire
ultime,test,2022-10-19,Directeur général
gla,gla,2140-11-01,directeur du système d’information
test,test,1212-01-01,stagiaire
torvald,kyler,1212-11-01,Directeur général
ghjdtjh,hdhdh,1234-01-01,Directeur général
xffn,hdfhd,1456-12-01,Directeur de site industriel
sdrsgsgs,gsgs,1234-11-01,Chargé de communication
bsbxdb,xbxfb,1456-01-02,Directeur général
fgdfg,gfgdf,1256-11-01,Digital Brand Manager
,st,1456-11-01,Digital Brand Manager
te,st,1789-01-02,stagiaire
,clark,,Chargé de communication
kent,clark,,stagiaire
,,,stagiaire
kent,clark,,stagiaire
kentuki,carlos,,stagiaire
clark,kent,1922-11-01,Responsable communication
kentuki,efefe,1454-11-11,Responsable marketing
bala,fre,1231-02-02,Digital Brand Manager
git,lab,1222-01-14,stagiaire
